domain,company_id,entity_id,entity,google_query
sequencing.com,116565,com.sequencing.weather,playstore,sequencing.com site:play.google.com
stockviva.com,256456,com.molecule.co.stockflash,playstore,stockviva.com site:play.google.com
hospals.com,78233,com.app.hospals,playstore,hospals.com site:play.google.com
stex.com,169640,com.stocksexchange.android,playstore,stex.com site:play.google.com
carasti.com,197806,com.carasti.carastiapplication,playstore,carasti.com site:play.google.com
wowbid.live,40347,com.wowbid.android,playstore,wowbid.live site:play.google.com
joshin.com,141565,com.joshin,playstore,joshin.com site:play.google.com
chargefuze.com,257462,com.chargefuze.android,playstore,chargefuze.com site:play.google.com
algoretail.co.il,275092,il.co.algoretail.stocker,playstore,algoretail.co.il site:play.google.com
erinapp.com,357874,com.erinmobile,playstore,erinapp.com site:play.google.com
alike.health,141025,health.alike.app,playstore,alike.health site:play.google.com
fastic.com,167211,de.fastic.app,playstore,fastic.com site:play.google.com
octopus.co.id,280764,com.octopus.customer,playstore,octopus.co.id site:play.google.com
palmhr.net,143752,com.touch4it.palmhr,playstore,palmhr.net site:play.google.com
fenix.life,173023,life.fenix.sharing.app,playstore,fenix.life site:play.google.com
calmerry.com,203091,com.calmerry.client.app,playstore,calmerry.com site:play.google.com
compwellco.com,205168,com.humworld.compwell,playstore,compwellco.com site:play.google.com
pebble.finance,298939,finance.pebble.app,playstore,pebble.finance site:play.google.com
mytuitionapp.com,227592,com.mytuitionapp.student,playstore,mytuitionapp.com site:play.google.com
nawy.com,227547,com.cooingestate.cooing_app,playstore,nawy.com site:play.google.com
windmillair.com,121039,com.wind.mill,playstore,windmillair.com site:play.google.com
fletx.co,234087,co.fletx.fletxdriver,playstore,fletx.co site:play.google.com
dawul.net,234439,com.dawul,playstore,dawul.net site:play.google.com
shichor.co.il,257410,com.shichor.app,playstore,shichor.co.il site:play.google.com
tarken.ag,284736,ag.tarken.broker,playstore,tarken.ag site:play.google.com
lifequest.in,261446,com.lifequest,playstore,lifequest.in site:play.google.com
recharge.city,303925,com.recharge.city,playstore,recharge.city site:play.google.com
inft.co,302092,co.inft.businessone,playstore,inft.co site:play.google.com
novi-health.com,391686,com.novi_health.novi,playstore,novi-health.com site:play.google.com
triobook.com,417538,com.app.triobook231,playstore,triobook.com site:play.google.com
weatherxm.com,336619,com.weatherxm.app,playstore,weatherxm.com site:play.google.com
fennel.com,388827,com.fennel.app,playstore,fennel.com site:play.google.com
tanaku.co,275034,co.tanaku.mobile,playstore,tanaku.co site:play.google.com
tokenproof.xyz,316102,xyz.tokenproof.wallet,playstore,tokenproof.xyz site:play.google.com
paladinpower.com,425907,com.paladinpower,playstore,paladinpower.com site:play.google.com
fello.in,193239,in.fello.felloapp,playstore,fello.in site:play.google.com
lio.io,242077,com.swific.registerbook,playstore,lio.io site:play.google.com
lista.com.ph,261113,com.listaPh,playstore,lista.com.ph site:play.google.com
weavr.tv,59580,com.Rewind.WEAVR,playstore,weavr.tv site:play.google.com
myteledoc.app,190998,com.cvn.TeleDoc,playstore,myteledoc.app site:play.google.com
mozper.com,129117,com.geltr.mozper,playstore,mozper.com site:play.google.com
horde.no,123096,com.horde,playstore,horde.no site:play.google.com
trypenny.com,186308,com.penny.penny,playstore,trypenny.com site:play.google.com
thatch.co,78806,co.thatch.apps.hub,playstore,thatch.co site:play.google.com
limevilla.com,195440,com.ashopway.limevilla,playstore,limevilla.com site:play.google.com
hellosaks.com,284883,com.hellosaks,playstore,hellosaks.com site:play.google.com
kalogon.com,365952,com.kalogon.kalogoncushion,playstore,kalogon.com site:play.google.com
idrip.coffee,85443,com.coffee.iDrip,playstore,idrip.coffee site:play.google.com
atta.ai,113908,app.atta,playstore,atta.ai site:play.google.com
mitron.tv,140656,com.mitron.tv,playstore,mitron.tv site:play.google.com
cake.app,150627,cake.app,playstore,cake.app site:play.google.com
bitfy.app,167701,com.bitfyapp,playstore,bitfy.app site:play.google.com
gigpro.com,261114,com.gigpro,playstore,gigpro.com site:play.google.com
astrideducation.com,130180,com.teach.withastrid,playstore,astrideducation.com site:play.google.com
utilizecore.com,192473,com.utilizecore,playstore,utilizecore.com site:play.google.com
altrix.co.uk,202353,co.uk.altrix,playstore,altrix.co.uk site:play.google.com
banksathi.com,205282,com.app.banksathi,playstore,banksathi.com site:play.google.com
anybill.de,175984,de.anybill.anybill_mobile_app,playstore,anybill.de site:play.google.com
okkohealth.com,125464,com.OkkoHealth.app,playstore,okkohealth.com site:play.google.com
eratani.co.id,320092,eratani.farmer.apps,playstore,eratani.co.id site:play.google.com
withrider.com,254930,com.withrider.customerapp,playstore,withrider.com site:play.google.com
welinq.io,416849,com.essence.welinq,playstore,welinq.io site:play.google.com
loanfront.in,307235,in.loanfront.android,playstore,loanfront.in site:play.google.com
okyapp.com,189145,oky.smartla.net,playstore,okyapp.com site:play.google.com
sparkle.ng,252368,ng.sparkle.Sparkle_android.prod,playstore,sparkle.ng site:play.google.com
thecoffee.jp,138030,com.thecoffee.smartphone,playstore,thecoffee.jp site:play.google.com
beonhand.co.uk,212442,com.sharecare,playstore,beonhand.co.uk site:play.google.com
foodetective.co,15211,co.foodetective,playstore,foodetective.co site:play.google.com
spacejoy.com,96130,com.homefuly.idsuite.retail,playstore,spacejoy.com site:play.google.com
okxe.vn,149087,com.okxe.app,playstore,okxe.vn site:play.google.com
spexigeo.com,276990,com.spexigeo.app,playstore,spexigeo.com site:play.google.com
volleyapp.com,203814,com.volleyapp.volley,playstore,volleyapp.com site:play.google.com
defy.club,262738,com.defyclub,playstore,defy.club site:play.google.com
sportsbox.ai,398908,com.sportsbox.golfai,playstore,sportsbox.ai site:play.google.com
thankucash.com,103539,com.hm.thankucard,playstore,thankucash.com site:play.google.com
hoplagit.com,207649,com.hoplagit.rider,playstore,hoplagit.com site:play.google.com
behavidence.com,190252,com.cohen.behavidence,playstore,behavidence.com site:play.google.com
norban.se,95481,se.norban.norbanapp,playstore,norban.se site:play.google.com
socialswag.com,195130,io.codedaddy.social.swag.celebrity,playstore,socialswag.com site:play.google.com
vettons.com,252612,com.vettons.consumer,playstore,vettons.com site:play.google.com
mercadolabs.com,123118,com.mercadolabs.mobile,playstore,mercadolabs.com site:play.google.com
vespertool.com,247373,com.vespertool.app,playstore,vespertool.com site:play.google.com
sooper.com.br,255780,com.sooper_mobile,playstore,sooper.com.br site:play.google.com
readyassist.in,178055,com.readyassist.root.readyassistcustomerapp,playstore,readyassist.in site:play.google.com
scoo.mobi,83480,com.scoomobilidade.scoomobi,playstore,scoo.mobi site:play.google.com
meetsanctuary.com,120017,me.sanctuarystudios.sanctuary,playstore,meetsanctuary.com site:play.google.com
livefurnish.com,95161,com.livefurnish.livefurnish,playstore,livefurnish.com site:play.google.com
meddo.in,96090,in.meddo.patient,playstore,meddo.in site:play.google.com
crosstower.com,139830,com.ctower.mobile,playstore,crosstower.com site:play.google.com
wombo.ai,205841,com.womboai.wombo,playstore,wombo.ai site:play.google.com
andomoney.com,208897,com.andomoney,playstore,andomoney.com site:play.google.com
masterdelivery.ru,255755,ru.masterdelivery.courier,playstore,masterdelivery.ru site:play.google.com
refract.gg,284526,gg.refract.officialtaekwondoapp,playstore,refract.gg site:play.google.com
quakemedia.com,198140,co.quakemedia.prod.com,playstore,quakemedia.com site:play.google.com
mycointainer.com,285049,com.mycontainer,playstore,mycointainer.com site:play.google.com
technicorum.com,280353,com.cannawallet,playstore,technicorum.com site:play.google.com
shara.co,211208,co.shara.lite,playstore,shara.co site:play.google.com
stathero.com,277871,com.bjm.stathero,playstore,stathero.com site:play.google.com
nebula.app,203367,tv.standard.nebula,playstore,nebula.app site:play.google.com
vibra.one,277237,com.abl.vibra,playstore,vibra.one site:play.google.com
mivest.io,230467,io.mivest.app,playstore,mivest.io site:play.google.com
dosh.nz,305552,nz.dosh.business,playstore,dosh.nz site:play.google.com
medismart.live,367397,live.medismart,playstore,medismart.live site:play.google.com
glip.gg,308521,glip.gg,playstore,glip.gg site:play.google.com
digitra.com,321369,com.digitra.digitraHB,playstore,digitra.com site:play.google.com
plummygames.com,391693,com.miramerge,playstore,plummygames.com site:play.google.com
eyelevel.care,386672,coach.doc.eyelevel,playstore,eyelevel.care site:play.google.com
zingbus.com,126853,com.zingbusbtoc.zingbus,playstore,zingbus.com site:play.google.com
thronelabs.co,275898,com.thronelabs.app,playstore,thronelabs.co site:play.google.com
syn-inc.com,172126,com.syn_inc.chompy,playstore,syn-inc.com site:play.google.com
storypod.com,203644,com.storypod.eddi,playstore,storypod.com site:play.google.com
anar.biz,193220,biz.anar,playstore,anar.biz site:play.google.com
foodiecard.com,133617,com.foodiecard,playstore,foodiecard.com site:play.google.com
drinkmorning.com,230088,co.akronym.morning.android,playstore,drinkmorning.com site:play.google.com
itchpet.com,60891,com.itchpet,playstore,itchpet.com site:play.google.com
wemoney.com.au,165747,com.wemoneymobile,playstore,wemoney.com.au site:play.google.com
brighty.app,416325,com.brighty.app,playstore,brighty.app site:play.google.com
olaclick.com,185664,com.olaclick.pro,playstore,olaclick.com site:play.google.com
zynapp.com,36350,com.mylifediary.android.client.production,playstore,zynapp.com site:play.google.com
lifvs.com,128216,com.lifvs,playstore,lifvs.com site:play.google.com
sync.money,110270,money.sync.app,playstore,sync.money site:play.google.com
trexity.com,188682,com.trexity.drivermobile,playstore,trexity.com site:play.google.com
concreit.com,135443,com.concreit.fund_mobile_app,playstore,concreit.com site:play.google.com
facio.com.br,129128,com.facio.facio_app,playstore,facio.com.br site:play.google.com
agro.club,137853,ru.agroclub,playstore,agro.club site:play.google.com
jumppoint.io,411963,com.jumppoint.app,playstore,jumppoint.io site:play.google.com
coinpanion.com,158487,com.coinpanion.mobileapp,playstore,coinpanion.com site:play.google.com
anfin.vn,297998,vn.anfin.app,playstore,anfin.vn site:play.google.com
farmable.tech,178143,tech.farmable.farmable,playstore,farmable.tech site:play.google.com
starform.co,60555,com.starform.assaulttactics,playstore,starform.co site:play.google.com
medloop.co,123115,com.medloop.v1,playstore,medloop.co site:play.google.com
zingtheday.com,296450,com.zing.cafe,playstore,zingtheday.com site:play.google.com
viphomelink.com,62223,com.vipHomeLink,playstore,viphomelink.com site:play.google.com
wagepay.com.au,387300,com.wagepay,playstore,wagepay.com.au site:play.google.com
lyte.city,252074,com.lyte.charging,playstore,lyte.city site:play.google.com
shopraha.com,304801,com.shopraha.android,playstore,shopraha.com site:play.google.com
privyr.com,233185,com.privyr.app,playstore,privyr.com site:play.google.com
fundiin.vn,243254,com.fundiin.app,playstore,fundiin.vn site:play.google.com
heja.io,15684,com.heja.app,playstore,heja.io site:play.google.com
repeat.app,111627,com.dubai1001.Repeat,playstore,repeat.app site:play.google.com
atani.com,125857,com.atani,playstore,atani.com site:play.google.com
mymedisage.com,308781,com.mymedisage.medisageapp,playstore,mymedisage.com site:play.google.com
cureety.com,129417,com.cureety_mobile,playstore,cureety.com site:play.google.com
hacknotice.com,125212,com.hacknotice.hnApp,playstore,hacknotice.com site:play.google.com
cradlewise.com,61115,com.cradlewise.nini.app,playstore,cradlewise.com site:play.google.com
lifepack.id,316575,com.itmi.lifepack,playstore,lifepack.id site:play.google.com
pinemelon.com,337658,com.pinemelon.app,playstore,pinemelon.com site:play.google.com
phone.do,399919,com.riverway.phonedo,playstore,phone.do site:play.google.com
sportening.com,274385,com.sportening,playstore,sportening.com site:play.google.com
elintacharge.com,182579,com.elios.android,playstore,elintacharge.com site:play.google.com
plenti.app,126779,com.attic.rentalapp,playstore,plenti.app site:play.google.com
heveaconnect.com,243319,com.heveaconnect.heveaconnect,playstore,heveaconnect.com site:play.google.com
dealersgear.com,219325,com.autolinkme.autolink,playstore,dealersgear.com site:play.google.com
kooky2go.com,309379,com.kooky2go.app,playstore,kooky2go.com site:play.google.com
geodb.com,28678,com.geodb.geocash,playstore,geodb.com site:play.google.com
hellorelish.com,65308,com.hellorelish.relish,playstore,hellorelish.com site:play.google.com
guru.com.vc,166312,vc.com.guruapp,playstore,guru.com.vc site:play.google.com
yellowclass.com,173645,yellowclass.kids.live,playstore,yellowclass.com site:play.google.com
airalo.com,62839,com.mobillium.airalo,playstore,airalo.com site:play.google.com
mediquo.com,17223,com.mediquo.main,playstore,mediquo.com site:play.google.com
humanforest.co.uk,157908,com.humanforest.app,playstore,humanforest.co.uk site:play.google.com
jennylife.com,129482,com.jennylife.jennylife,playstore,jennylife.com site:play.google.com
tring.co.in,135543,com.app.tringceleb,playstore,tring.co.in site:play.google.com
awork.io,326019,io.awork,playstore,awork.io site:play.google.com
siwar.com,251939,com.siwar.app,playstore,siwar.com site:play.google.com
scuti.store,420723,com.scuti.scutistoreapp,playstore,scuti.store site:play.google.com
augmentir.com,62118,com.augmentir.app,playstore,augmentir.com site:play.google.com
livingfood.co,128987,livingfoodcompany.android.app,playstore,livingfood.co site:play.google.com
autosled.com,242217,com.autosled,playstore,autosled.com site:play.google.com
hopp.bike,262937,bike.hopp,playstore,hopp.bike site:play.google.com
movet.co,273528,com.movet.movetApp,playstore,movet.co site:play.google.com
tryhampr.com,121273,com.hampr,playstore,tryhampr.com site:play.google.com
jointlybetter.com,222380,com.jointly,playstore,jointlybetter.com site:play.google.com
snack24h.com,288542,kr.wefun.snack24,playstore,snack24h.com site:play.google.com
superplum.com,212926,com.superplum,playstore,superplum.com site:play.google.com
certific.co,211720,co.certific.healthpass,playstore,certific.co site:play.google.com
collectable.com,95907,com.collectableinc.collectable2,playstore,collectable.com site:play.google.com
bridgemoney.co,129980,co.bridgemoney.bridge_debit_card,playstore,bridgemoney.co site:play.google.com
usehammock.com,129712,com.hammock,playstore,usehammock.com site:play.google.com
betsperts.com,134762,com.betsperts,playstore,betsperts.com site:play.google.com
reloadly.com,88988,com.reloadly,playstore,reloadly.com site:play.google.com
loopedlive.com,122202,com.vipvr.android,playstore,loopedlive.com site:play.google.com
piggy.to,308316,com.piggy.piggyapp,playstore,piggy.to site:play.google.com
saveo.in,184162,com.saveo.saveomedical,playstore,saveo.in site:play.google.com
evosecurity.com,278383,com.evosecurity.evo,playstore,evosecurity.com site:play.google.com
pearler.com,283327,com.pearler.platypus,playstore,pearler.com site:play.google.com
tiney.co,35645,co.tiney.mobile,playstore,tiney.co site:play.google.com
hyperlounge.ai,391891,com.hyperloungemobile,playstore,hyperlounge.ai site:play.google.com
doyoukare.com,192990,com.kareheroes,playstore,doyoukare.com site:play.google.com
aosulife.com,288534,com.glazero.android,playstore,aosulife.com site:play.google.com
skipr.co,110209,be.lab_box.pikaway,playstore,skipr.co site:play.google.com
travclan.com,231109,com.travclan.chat,playstore,travclan.com site:play.google.com
virgocx.ca,326086,ca.virgocx.exchange,playstore,virgocx.ca site:play.google.com
mceasy.co.id,241017,com.vsms.myapplication,playstore,mceasy.co.id site:play.google.com
questt.com,189815,com.reallearning.questt,playstore,questt.com site:play.google.com
thebach.com,196532,com.mennatech.bach,playstore,thebach.com site:play.google.com
currency.com,29568,com.currency.moonfolio,playstore,currency.com site:play.google.com
clerkie.io,17508,com.clerkie.clerkieandroid,playstore,clerkie.io site:play.google.com
sleekflow.io,216073,io.sleekflow.sleekflow,playstore,sleekflow.io site:play.google.com
dailymemphian.com,120906,com.dailymemphian.app,playstore,dailymemphian.com site:play.google.com
mykey.org,143716,com.mykey.id,playstore,mykey.org site:play.google.com
kahun.com,200198,com.kahun.mobile,playstore,kahun.com site:play.google.com
soberpeer.com,173765,com.soberpeer,playstore,soberpeer.com site:play.google.com
sabx.com,182995,com.sabx.app.staging.a,playstore,sabx.com site:play.google.com
flyfin.tax,184754,com.flyfinapp,playstore,flyfin.tax site:play.google.com
exceedtc.com,246712,com.exceedtc.exceed_fans_app,playstore,exceedtc.com site:play.google.com
giddy.co,283757,com.getdefiq.giddy,playstore,giddy.co site:play.google.com
kapuafrica.com,395036,com.kapu_agents.africa,playstore,kapuafrica.com site:play.google.com
uniqkey.eu,35842,com.uniqkey.eu,playstore,uniqkey.eu site:play.google.com
savein.money,230828,com.savein.money,playstore,savein.money site:play.google.com
whitecoat.com.sg,101026,com.project.WhiteCoat,playstore,whitecoat.com.sg site:play.google.com
indentcorp.com,432441,com.indentcorp.spray,playstore,indentcorp.com site:play.google.com
wechselgott.com,178447,com.wechselgott.app,playstore,wechselgott.com site:play.google.com
lightheart.games,123506,games.lightheart.mrautofire,playstore,lightheart.games site:play.google.com
kitalulus.com,290343,com.kitalulus,playstore,kitalulus.com site:play.google.com
livetechgames.com,196200,com.livetechgames.rpslive,playstore,livetechgames.com site:play.google.com
playbackhealth.com,93129,com.playbackhealth.android,playstore,playbackhealth.com site:play.google.com
cravedelivery.com,140449,com.crave.consumerapp,playstore,cravedelivery.com site:play.google.com
artly.coffee,315834,coffee.bluehill,playstore,artly.coffee site:play.google.com
moneytap.jp,126184,jp.co.sbi_ripple.MoneyTap,playstore,moneytap.jp site:play.google.com
lumiformapp.com,138368,com.lumiformapp.android,playstore,lumiformapp.com site:play.google.com
zamface.co.kr,200349,com.global.zamface,playstore,zamface.co.kr site:play.google.com
ziina.com,135542,com.ziina.app,playstore,ziina.com site:play.google.com
heroes.jobs,30836,com.heroes.app,playstore,heroes.jobs site:play.google.com
v-comply.com,62331,com.app.v_comply,playstore,v-comply.com site:play.google.com
hairskin.com,296018,com.hairskin.androidapp,playstore,hairskin.com site:play.google.com
trytoolbox.com,60599,com.mytoolbox.toolbox.mobile,playstore,trytoolbox.com site:play.google.com
getmindset.com,193155,co.mindset,playstore,getmindset.com site:play.google.com
cloudtalk.io,122475,io.cloudtalk.go,playstore,cloudtalk.io site:play.google.com
goodjob.io,184024,com.goodjob.candidate,playstore,goodjob.io site:play.google.com
tumble.to,174256,com.tumble.user,playstore,tumble.to site:play.google.com
haseelapp.com,62242,ibtikar.haseel.user,playstore,haseelapp.com site:play.google.com
kedaisayur.com,48332,com.kedaisayur.ts,playstore,kedaisayur.com site:play.google.com
hapbee.com,285457,com.elevation.hapbee,playstore,hapbee.com site:play.google.com
yonder.com,126874,com.yonder,playstore,yonder.com site:play.google.com
springames.com,149203,com.SprinGames.MaxiBoom,playstore,springames.com site:play.google.com
hugosave.com,212660,com.hugosave,playstore,hugosave.com site:play.google.com
mioapp.co,205762,com.itaphoa.consumer,playstore,mioapp.co site:play.google.com
butterapp.io,194779,io.butterapp.butterandroid,playstore,butterapp.io site:play.google.com
krishify.com,232426,farmstock.agriculture.plants.kisan.krishi,playstore,krishify.com site:play.google.com
creativeforce.io,242366,com.creativeforce.chroma,playstore,creativeforce.io site:play.google.com
wewalk.io,133372,tr.org.yga.wewalk.android,playstore,wewalk.io site:play.google.com
gajigesa.com,184965,com.gajigesanative,playstore,gajigesa.com site:play.google.com
digitalassetsdata.com,38227,com.digitalassetsdata.pms,playstore,digitalassetsdata.com site:play.google.com
rupeeredee.com,110437,com.rupeeredee.app,playstore,rupeeredee.com site:play.google.com
earthrhythm.com,221366,com.earthrhythmnew,playstore,earthrhythm.com site:play.google.com
zetifi.com,184834,com.zetifi,playstore,zetifi.com site:play.google.com
gloveboxapp.com,177065,com.gloveboxapp.my,playstore,gloveboxapp.com site:play.google.com
jeenie.com,178733,com.newsolo,playstore,jeenie.com site:play.google.com
digbihealth.com,113816,com.digbihealth,playstore,digbihealth.com site:play.google.com
beebs.app,190620,com.beebs.mobile,playstore,beebs.app site:play.google.com
mamopay.com,121495,com.mamopay.app,playstore,mamopay.com site:play.google.com
okplay.co,182783,com.okco.okplay,playstore,okplay.co site:play.google.com
coinmena.com,261011,com.coinmena.coinmenaapp,playstore,coinmena.com site:play.google.com
supy.io,241663,io.supy.app,playstore,supy.io site:play.google.com
soilconnect.com,126219,com.SoilConnect,playstore,soilconnect.com site:play.google.com
credibook.com,127913,com.credibook.app,playstore,credibook.com site:play.google.com
julaya.co,120945,com.julayaagent,playstore,julaya.co site:play.google.com
tessa.art,150472,art.tessa.tessa,playstore,tessa.art site:play.google.com
sampingan.co.id,93496,com.sampingan.agentapp,playstore,sampingan.co.id site:play.google.com
lightfoxgames.com,143981,com.lightfoxgames.dungeoneer,playstore,lightfoxgames.com site:play.google.com
jutromedical.com,174840,com.jutro.jutro,playstore,jutromedical.com site:play.google.com
bodyguard.ai,130790,clash.charles.hgh,playstore,bodyguard.ai site:play.google.com
leatherback.co,307227,co.leatherback.leatherbackandroid,playstore,leatherback.co site:play.google.com
glider.ai,248055,ai.glider.assessments,playstore,glider.ai site:play.google.com
biup.com,48684,com.biup.club,playstore,biup.com site:play.google.com
hihello.me,17475,play.me.hihello.app,playstore,hihello.me site:play.google.com
bitget.com,49381,com.bitget.exchange,playstore,bitget.com site:play.google.com
swyft.delivery,40412,delivery.swyft.customer,playstore,swyft.delivery site:play.google.com
decrypt.co,291851,co.decrypt.app,playstore,decrypt.co site:play.google.com
moneed.net,71661,com.moneed.client,playstore,moneed.net site:play.google.com
thehelloworld.com,95986,com.thehelloworld,playstore,thehelloworld.com site:play.google.com
chilibeli.com,110163,com.member.chilibeli,playstore,chilibeli.com site:play.google.com
icrypex.com,251654,app.mobile.android.icrypex,playstore,icrypex.com site:play.google.com
whatifi.com,138365,com.anthillinc.whatifi.app,playstore,whatifi.com site:play.google.com
revuto.com,205402,com.revuto.dev,playstore,revuto.com site:play.google.com
bankaya.com.mx,219664,mx.com.bankaya.products,playstore,bankaya.com.mx site:play.google.com
postpay.io,178936,com.postpay,playstore,postpay.io site:play.google.com
mutosi.com,210920,com.app.mutosi,playstore,mutosi.com site:play.google.com
rockflow.ai,274064,team.flowai.android,playstore,rockflow.ai site:play.google.com
ng.cash,327507,com.neaglebank,playstore,ng.cash site:play.google.com
medsi.mx,334617,com.medsi,playstore,medsi.mx site:play.google.com
jify.co,314322,com.jify.mobile,playstore,jify.co site:play.google.com
everdome.io,348309,io.everdome.app,playstore,everdome.io site:play.google.com
weavix.com,412719,com.is360mobile,playstore,weavix.com site:play.google.com
youkraft.com,308496,com.youkraft,playstore,youkraft.com site:play.google.com
payeye.com,357313,com.payeye.passwallet,playstore,payeye.com site:play.google.com
questbook.app,193120,app.questbook,playstore,questbook.app site:play.google.com
addies.com,418458,com.addies.app.androidnative,playstore,addies.com site:play.google.com
gohyer.com,210076,com.hyer,playstore,gohyer.com site:play.google.com
waslabrowser.com,103794,io.botler.wasla,playstore,waslabrowser.com site:play.google.com
telgani.com,76056,com.telgani,playstore,telgani.com site:play.google.com
sumerlabs.com,238427,com.sumerlabs.sumer_app,playstore,sumerlabs.com site:play.google.com
gearflow.com,110845,com.convertify.gearflow,playstore,gearflow.com site:play.google.com
slope.finance,257370,com.wd.wallet,playstore,slope.finance site:play.google.com
otocapital.in,92980,com.oto.android.app,playstore,otocapital.in site:play.google.com
mightyhealth.com,113336,com.mightyhealth.app,playstore,mightyhealth.com site:play.google.com
moises.ai,175255,ai.moises,playstore,moises.ai site:play.google.com
truekx.com,128070,com.truekx,playstore,truekx.com site:play.google.com
mercuryo.io,152530,com.mercuryo.app,playstore,mercuryo.io site:play.google.com
caraway.health,343356,com.caraway,playstore,caraway.health site:play.google.com
komunal.co.id,119790,id.co.komunal,playstore,komunal.co.id site:play.google.com
tigerhall.com,27849,com.tigerhall,playstore,tigerhall.com site:play.google.com
avibra.com,38019,com.avibra,playstore,avibra.com site:play.google.com
kodypay.com,105402,com.kodypay.app,playstore,kodypay.com site:play.google.com
hygh.tech,269617,com.hygh,playstore,hygh.tech site:play.google.com
gaviti.com,141379,web.gaviti,playstore,gaviti.com site:play.google.com
buenbit.com,223385,com.buengroup.buenbit,playstore,buenbit.com site:play.google.com
drum.io,96464,io.drum.drummer,playstore,drum.io site:play.google.com
fincy.com,139267,lxtx.im.app,playstore,fincy.com site:play.google.com
bycore.com,135408,com.bycore.crews,playstore,bycore.com site:play.google.com
rabbitmart.com,260907,com.rabbit.mart,playstore,rabbitmart.com site:play.google.com
editorji.com,169944,com.app.editorji,playstore,editorji.com site:play.google.com
trainwithkickoff.com,158116,com.kudos.fit,playstore,trainwithkickoff.com site:play.google.com
whoppah.com,90351,com.whoppah,playstore,whoppah.com site:play.google.com
whitehatjr.com,32097,com.whitehatjr,playstore,whitehatjr.com site:play.google.com
rigi.club,278219,com.rigiapp,playstore,rigi.club site:play.google.com
shoretrade.com,74291,com.shoretradeapp.seller,playstore,shoretrade.com site:play.google.com
currensea.com,119993,com.currensea,playstore,currensea.com site:play.google.com
ridecheck.app,167738,app.ridecheck.android,playstore,ridecheck.app site:play.google.com
getshopse.com,195321,com.shopse.merchant,playstore,getshopse.com site:play.google.com
circuskitchens.com,392924,com.circuskitchens.consumer,playstore,circuskitchens.com site:play.google.com
kippa.africa,233278,com.africave.kippa,playstore,kippa.africa site:play.google.com
followmymoney.de,335787,de.followmytrader,playstore,followmymoney.de site:play.google.com
securden.com,141000,com.securden.securdenvault,playstore,securden.com site:play.google.com
onefor.com,218755,com.oneforholding.client,playstore,onefor.com site:play.google.com
virohan.com,94298,org.virohan.admission,playstore,virohan.com site:play.google.com
otoklix.com,174096,com.bengkelmobil.otoklixtest,playstore,otoklix.com site:play.google.com
bitdeer.com,202420,com.bitmain.bitdeer,playstore,bitdeer.com site:play.google.com
getmidas.com,190724,com.getmidas.app,playstore,getmidas.com site:play.google.com
portpro.io,400124,com.portpro,playstore,portpro.io site:play.google.com
stabilityhealth.com,65281,com.atoz.healthslate.patientapp.stabilityhealth,playstore,stabilityhealth.com site:play.google.com
actio.com,167852,com.happyhabits.actio,playstore,actio.com site:play.google.com
adzily.com,114670,com.adzily.tv.android,playstore,adzily.com site:play.google.com
extracker.com,209392,com.adroitinfosol.extracker,playstore,extracker.com site:play.google.com
vaultplatform.com,35926,com.vaultplatform.app,playstore,vaultplatform.com site:play.google.com
pixpay.fr,44085,fr.pixpay,playstore,pixpay.fr site:play.google.com
vytal.org,133375,com.vytal.vytalconsumerapp,playstore,vytal.org site:play.google.com
lana.xyz,148284,xyz.lana.b2c,playstore,lana.xyz site:play.google.com
saymine.com,122608,com.saymineapp.twa,playstore,saymine.com site:play.google.com
creditbook.pk,204041,com.creditbookpk.creditbook,playstore,creditbook.pk site:play.google.com
sylndr.com,321381,com.sylndrpro,playstore,sylndr.com site:play.google.com
findigs.com,136191,com.findigs.findigs,playstore,findigs.com site:play.google.com
emberfund.io,233891,com.emberfund.ember,playstore,emberfund.io site:play.google.com
chargenode.eu,392904,eu.chargenode.ampere,playstore,chargenode.eu site:play.google.com
trygatsby.com,76422,com.gatsbyapp,playstore,trygatsby.com site:play.google.com
fyld.ai,197091,com.sitestream,playstore,fyld.ai site:play.google.com
twidpay.com,105209,com.fashalot,playstore,twidpay.com site:play.google.com
cheqplease.com,226544,com.mercuri.app,playstore,cheqplease.com site:play.google.com
supersapiens.com,203541,com.supersapiens,playstore,supersapiens.com site:play.google.com
condoconta.com.br,192501,com.condoconta.bank,playstore,condoconta.com.br site:play.google.com
ev.energy,217520,energy.ev.app,playstore,ev.energy site:play.google.com
nudgetext.com,33409,com.nudgetext.alta,playstore,nudgetext.com site:play.google.com
timeless.investments,271295,com.timeless.investments.app,playstore,timeless.investments site:play.google.com
elovee.com,143807,com.elovee.family,playstore,elovee.com site:play.google.com
hellojoko.com,30814,io.wylr.joko,playstore,hellojoko.com site:play.google.com
dipseastories.com,15033,com.dipsea,playstore,dipseastories.com site:play.google.com
harmonize.health,169693,com.harmonize.android,playstore,harmonize.health site:play.google.com
gabriel.com.br,144147,br.com.gabriel.cameras_mobileapp,playstore,gabriel.com.br site:play.google.com
wagely.app,210072,com.wagely.android,playstore,wagely.app site:play.google.com
getvoly.com,211224,com.voly,playstore,getvoly.com site:play.google.com
getinflow.io,152690,inflow.adhd.productivity,playstore,getinflow.io site:play.google.com
modifyhealth.com,147735,com.modifyhealth.ModifyHealth,playstore,modifyhealth.com site:play.google.com
nativevoice.ai,186960,ai.nativevoice.app,playstore,nativevoice.ai site:play.google.com
vitaltech.com,95191,com.vitaltech.vitalcare,playstore,vitaltech.com site:play.google.com
kos.com,252023,com.ptcarikosnusantara.carikosdotcom,playstore,kos.com site:play.google.com
turnip.gg,178859,gg.turnip.android,playstore,turnip.gg site:play.google.com
socialgood.inc,298172,com.socialgood_foundation.sg_app_android,playstore,socialgood.inc site:play.google.com
joinflyp.com,203214,com.flyp.android,playstore,joinflyp.com site:play.google.com
shopperoo.com,348334,com.shopperoo.wallet,playstore,shopperoo.com site:play.google.com
invygo.com,110349,com.invygo.customer,playstore,invygo.com site:play.google.com
pintarnya.com,321006,com.pintarnyakerja,playstore,pintarnya.com site:play.google.com
lucidgreen.io,31336,io.lucidgreen.www,playstore,lucidgreen.io site:play.google.com
commercialtribe.com,48717,com.commercialtribe.assessment.mobile,playstore,commercialtribe.com site:play.google.com
emirateshr.com,69515,com.emirateshr.live,playstore,emirateshr.com site:play.google.com
medzero.com,201640,com.medzero.mobile,playstore,medzero.com site:play.google.com
payflow.es,136404,es.payflow.app,playstore,payflow.es site:play.google.com
pharmapoc.com,213455,com.pharmapoc.app.prod,playstore,pharmapoc.com site:play.google.com
instantscripts.com.au,207247,au.com.instant,playstore,instantscripts.com.au site:play.google.com
getgo.sg,320080,sg.getgo.booking,playstore,getgo.sg site:play.google.com
easyhomefinance.in,72064,com.ehfl.easyloan,playstore,easyhomefinance.in site:play.google.com
eloelo.in,227046,com.eloelo,playstore,eloelo.in site:play.google.com
rizek.com,121049,com.rizek.android.users,playstore,rizek.com site:play.google.com
gain.tv,269004,com.trgain.mikrogain,playstore,gain.tv site:play.google.com
rapipay.com,198151,com.rapipay.android.agents,playstore,rapipay.com site:play.google.com
thegivingmovement.com,298822,com.thegivingmovement,playstore,thegivingmovement.com site:play.google.com
silofit.com,114467,com.silofit,playstore,silofit.com site:play.google.com
loupetheapp.com,129979,com.loupetheapp.android,playstore,loupetheapp.com site:play.google.com
clickcash.com.br,148608,br.com.clickcash,playstore,clickcash.com.br site:play.google.com
getlokalapp.com,80315,get.lokal.localnews,playstore,getlokalapp.com site:play.google.com
corsano.com,272050,com.mmt.oac,playstore,corsano.com site:play.google.com
baanx.com,119681,com.baanx.baanx,playstore,baanx.com site:play.google.com
simsim.in,38659,live.video.shopping.simsim,playstore,simsim.in site:play.google.com
revel.xyz,378557,xyz.revel.app,playstore,revel.xyz site:play.google.com
sidequestvr.com,172167,side.quest.mobile,playstore,sidequestvr.com site:play.google.com
keepertax.com,27968,com.keepertax,playstore,keepertax.com site:play.google.com
moova.io,122740,com.moova.moover,playstore,moova.io site:play.google.com
franq.com.br,212610,com.franq,playstore,franq.com.br site:play.google.com
codeway.co,136157,com.mobilevreni.okey101,playstore,codeway.co site:play.google.com
